<?xml version="1.0" encoding="UTF-8"?>
<!DOCTYPE struts PUBLIC
	"-//Apache Software Foundation//DTD Struts Configuration 2.3//EN"
	"http://struts.apache.org/dtds/struts-2.3.dtd">
<struts>
	<!-- struts.xml中修改系统默认配置 -->
	<constant name="struts.devMode" value="true"/>
	<constant name="struts.ui.theme" value="simple"/>
	
	<package name="com.test" extends="json-default">
		<action name="stuAction_*" method="{1}" class="stuAction">
			<result name="findlist">indexlist.jsp</result><!--显示信息列表-->
			<result name="toaddfindcls">addStu.jsp</result><!--去到添加页面-->
			<result name="toupdatestu">updateStu.jsp</result><!--去到执行修改页面-->
		</action>
		
	</package>
</struts>











