<?xml version="1.0" encoding="UTF-8"?>
<beans xmlns="http://www.springframework.org/schema/beans"
 	   xmlns:xsi="http://www.w3.org/2001/XMLSchema-instance"
 	   xmlns:aop="http://www.springframework.org/schema/aop"
 	   xmlns:tx="http://www.springframework.org/schema/tx"
 	   xsi:schemaLocation="http://www.springframework.org/schema/beans 
 	   http://www.springframework.org/schema/beans/spring-beans-4.2.xsd
 	   http://www.springframework.org/schema/aop
 	   http://www.springframework.org/schema/aop/spring-aop-4.2.xsd
 	   http://www.springframework.org/schema/tx 
 	   http://www.springframework.org/schema/tx/spring-tx-4.2.xsd
 	   ">
 	 <!-- 配置数据库连接池dbcp-->
 	 <bean id="dataSource" class="org.apache.commons.dbcp.BasicDataSource" destroy-method="close">
	        <property name="driverClassName" value="oracle.jdbc.driver.OracleDriver"/>
	        <property name="url" value="jdbc:oracle:thin:@localhost:1521:orcl"/>
	        <property name="username" value="scott"></property>
	        <property name="password" value="tiger"></property>
	        <property name="maxActive" value="80"></property>  
	        <property name="maxIdle" value="20"></property>  
	        <property name="maxWait" value="3000"></property>
	 </bean>
	 
 	 <!-- 配置SessionFactory -->
 	 <bean id="sessionFactory" class="org.springframework.orm.hibernate4.LocalSessionFactoryBean">
		<!-- 注入数据源 -->
		<property name="dataSource" ref="dataSource"/>
		<!-- 配置hibernate参数 -->
		<property name="hibernateProperties">
			<props>
				<prop key="hibernate.dialect">org.hibernate.dialect.Oracle10gDialect</prop>
				<prop key="hibernate.hbm2ddl.auto">update</prop>
				<prop key="hibernate.show_sql">true</prop>
				<prop key="hibernate.fetch_size">50</prop>
			</props>
		</property>
		<!-- 加载映射文件 -->
		<property name="mappingResources">
			<list>
				<value>com/test/entity/ChooseProject.hbm.xml</value>
				<value>com/test/entity/Grade.hbm.xml</value>
				<value>com/test/entity/StuBridthDay.hbm.xml</value>
				<value>com/test/entity/StuClassmate.hbm.xml</value>
				<value>com/test/entity/StuDate.hbm.xml</value>
			</list>
		</property>
	 </bean>
	
	 <!-- 配置JavaBean -->
	 <!-- 声明Dao层 -->
 	 <bean id="stuDao" class="com.test.DAO.impl.StuDaoImpl">
 	 	<property name="sf" ref="sessionFactory"></property>
 	 </bean>
 	  <!-- 声明服务层 -->
 	 <bean id="stuService" class="com.test.server.impl.StuServiceImpl">
 	 	<property name="stuDao" ref="stuDao"></property>
 	 </bean>
	 <!-- 申明控制层 -->
 	 <bean id="stuAction" scope="prototype" class="com.test.web.StuAction">
 	 	<property name="stuserves" ref="stuService"></property>
 	 </bean>
	 <!-- 创建事务 -->
	<!-- 声明一个事务 -->
	<bean id="txManager"
		class="org.springframework.orm.hibernate4.HibernateTransactionManager">
		<property name="sessionFactory" ref="sessionFactory"/>
	</bean>
	
	<!-- 配置事务的传播特性 ，指定事务管理器 -->
	<tx:advice id="txAdvice" transaction-manager="txManager">
		<!-- 配置详细的事务语义 -->
		<tx:attributes>
			<tx:method name="*" propagation="REQUIRED"/>
		</tx:attributes>
	</tx:advice>
	
	<!-- 哪些类的哪些方法参与事务 -->
	<aop:config>
		<!--配置切入点，匹配指定包下所有的类的所有方法的执行 -->
		<aop:pointcut id="mycut" expression="execution(* com.test.server..*.*(..))" />
		<!-- 指定在txAdvice切入点应用txAdvice事务切面 -->
		<aop:advisor pointcut-ref="mycut" advice-ref="txAdvice" />
	</aop:config>
</beans>